<annotation>
	<folder>1</folder>
	<filename>1.jpg</filename>
	<path>/Users/yappeizhen/Desktop/UECFOOD256/1/1.jpg</path>
	<source>
		<database>Unknown</database>
	</source>
	<size>
		<width>800</width>
		<height>600</height>
		<depth>3</depth>
	</size>
	<segmented>0</segmented>
	<object>
		<name>rice</name>
		<pose>Unspecified</pose>
		<truncated>0</truncated>
		<difficult>0</difficult>
		<bndbox>
			<xmin>14</xmin>
			<ymin>150</ymin>
			<xmax>372</xmax>
			<ymax>478</ymax>
		</bndbox>
	</object>
	<object>
		<name>curry</name>
		<pose>Unspecified</pose>
		<truncated>0</truncated>
		<difficult>0</difficult>
		<bndbox>
			<xmin>444</xmin>
			<ymin>92</ymin>
			<xmax>781</xmax>
			<ymax>485</ymax>
		</bndbox>
	</object>
</annotation>
