<annotation>
	<folder>1</folder>
	<filename>13.jpg</filename>
	<path>/Users/yappeizhen/Desktop/UECFOOD256/1/13.jpg</path>
	<source>
		<database>Unknown</database>
	</source>
	<size>
		<width>640</width>
		<height>480</height>
		<depth>3</depth>
	</size>
	<segmented>0</segmented>
	<object>
		<name>rice</name>
		<pose>Unspecified</pose>
		<truncated>0</truncated>
		<difficult>0</difficult>
		<bndbox>
			<xmin>41</xmin>
			<ymin>187</ymin>
			<xmax>262</xmax>
			<ymax>402</ymax>
		</bndbox>
	</object>
</annotation>
