<annotation>
	<folder>1</folder>
	<filename>3.jpg</filename>
	<path>/Users/yappeizhen/Desktop/UECFOOD256/1/3.jpg</path>
	<source>
		<database>Unknown</database>
	</source>
	<size>
		<width>800</width>
		<height>600</height>
		<depth>3</depth>
	</size>
	<segmented>0</segmented>
	<object>
		<name>rice</name>
		<pose>Unspecified</pose>
		<truncated>0</truncated>
		<difficult>0</difficult>
		<bndbox>
			<xmin>35</xmin>
			<ymin>148</ymin>
			<xmax>225</xmax>
			<ymax>418</ymax>
		</bndbox>
	</object>
	<object>
		<name>dumplings</name>
		<pose>Unspecified</pose>
		<truncated>0</truncated>
		<difficult>0</difficult>
		<bndbox>
			<xmin>405</xmin>
			<ymin>150</ymin>
			<xmax>725</xmax>
			<ymax>455</ymax>
		</bndbox>
	</object>
</annotation>
