<annotation>
	<folder>1</folder>
	<filename>6.jpg</filename>
	<path>/Users/yappeizhen/Desktop/UECFOOD256/1/6.jpg</path>
	<source>
		<database>Unknown</database>
	</source>
	<size>
		<width>800</width>
		<height>450</height>
		<depth>3</depth>
	</size>
	<segmented>0</segmented>
	<object>
		<name>rice</name>
		<pose>Unspecified</pose>
		<truncated>0</truncated>
		<difficult>0</difficult>
		<bndbox>
			<xmin>46</xmin>
			<ymin>34</ymin>
			<xmax>283</xmax>
			<ymax>295</ymax>
		</bndbox>
	</object>
</annotation>
