<annotation>
	<folder>1</folder>
	<filename>8.jpg</filename>
	<path>/Users/yappeizhen/Desktop/UECFOOD256/1/8.jpg</path>
	<source>
		<database>Unknown</database>
	</source>
	<size>
		<width>800</width>
		<height>600</height>
		<depth>3</depth>
	</size>
	<segmented>0</segmented>
	<object>
		<name>rice</name>
		<pose>Unspecified</pose>
		<truncated>0</truncated>
		<difficult>0</difficult>
		<bndbox>
			<xmin>155</xmin>
			<ymin>52</ymin>
			<xmax>683</xmax>
			<ymax>376</ymax>
		</bndbox>
	</object>
</annotation>
