<annotation>
	<folder>1</folder>
	<filename>9.jpg</filename>
	<path>/Users/yappeizhen/Desktop/UECFOOD256/1/9.jpg</path>
	<source>
		<database>Unknown</database>
	</source>
	<size>
		<width>800</width>
		<height>600</height>
		<depth>3</depth>
	</size>
	<segmented>0</segmented>
	<object>
		<name>rice</name>
		<pose>Unspecified</pose>
		<truncated>0</truncated>
		<difficult>0</difficult>
		<bndbox>
			<xmin>18</xmin>
			<ymin>255</ymin>
			<xmax>209</xmax>
			<ymax>431</ymax>
		</bndbox>
	</object>
</annotation>
